"to_zip","to_add","to_name","to_tel1","to_tel2","to_tel3","from_zip","from_add","from_name","from_tel1","from_tel2","from_tel3","desc","plus_or_light"
"1234567","一二三四五六七八九十一二三四
一二三四五六七八九十一二三四
一二三四五六七八九十一二三四
一二三四五六七八九十一二三四","一二三四五六七八九十一二三
一二三四五六七八九十一二三","1234","1234","1234","1234567","一二三四五六七八九十一二三四五六七八九十
一二三四五六七八九十一二三四五六七八九十","一二三四五六七八九十一二三四五六七八九十
一二三四五六七八九十一二三四五六七八九十","888","1234","5678","一二三四五六七八九十一二三四五六七八九
一二三四五六七八九十一二三四五六七八九","light"
"9999999","徳島県吉野川市
美郷月野
3-6-12
美郷月野マンション113","伊藤沙也香","888","8207","5104","9999999","依頼主県依頼主市依頼主町
1-23-45","依頼田 主雄
主子","888","1234","5678","インフィニティ
ジェム","light"
"9999999","大阪府堺市南区
高尾1-15-18","皆川孝次","888","8208","5105","9999999","依頼主県依頼主市依頼主町
1-23-45","依頼田 主雄
主子","888","1234","5678","インフィニティ
ジェム","plus"
"9999999","福島県二本松市
下山田2-14-3
ステージ下山田418","田代完治","888","8209","5106","9999999","依頼主県依頼主市依頼主町
1-23-45","依頼田 主雄
主子","888","1234","5678","インフィニティ
ジェム","light"
"9999999","和歌山県有田郡有田川町
上六川4-1-11","筒井宗雄","888","8210","5107","9999999","依頼主県依頼主市依頼主町
1-23-45","依頼田 主雄
主子","888","1234","5678","インフィニティ
ジェム","plus"